{
  "nominal_voltage": 475.45791100019267,
  "transformer_name": "T15.Fillet",
  "transformer_capacity": 2500.0,
  "voltage_avg": 477.4688013573958,
  "min_voltage": 390.3585375,
  "max_voltage": 502.5065,
  "voltage_std": 9.60400428143776,
  "voltage_spread": 112.1479625,
  "power_factor": 0.836720535481699,
  "vhi_avg": 1.0042293761670154,
  "vhi_max": 1.1789840310389916,
  "vhi_high_events": 11,
  "voltage_dip_count": 31,
  "pct_below_nominal": 65.07840093586196,
  "estimated_running_amps": 1533.5957792499999,
  "vhi_threshold": 5.0,
  "lrc_multiplier": 6.0,
  "data_resolution": "1minRES",
  "field_efficiency": 0.92,
  "time_period_hours": 744,
  "analysis_period": "",
  "file_name": "AN53110845-V-1minRES_44640CLP_251001-251031zth.csv",
  "csv_file_path": "/Users/mdhowell/energyclips/CherryAve/SITE2025/10_OCT2025/AN53110845-V-1minRES_44640CLP_251001-251031zth.csv",
  "drop_groups": [
    {
      "id": "G1",
      "group_id": "G1",
      "drop_count": 8,
      "voltage_range": "413.1-418.4V",
      "amp_range": "1296.2-1672.8A",
      "delta_v": 60.2,
      "est_stall_amps": 255.0,
      "estimated_hp": 170,
      "classification": "CRITICAL",
      "risk": "CRITICAL",
      "days": 7,
      "center_v": 415.73886665,
      "min_v": 413.0799,
      "max_v": 418.3978333,
      "avg_amps": 1533.5957792499999,
      "lrc_factor": 6.0,
      "power_factor": 0.836720535481699,
      "efficiency": 0.92
    },
    {
      "id": "G2",
      "group_id": "G2",
      "drop_count": 7,
      "voltage_range": "421.1-426.9V",
      "amp_range": "314.6-1772.2A",
      "delta_v": 52.1,
      "est_stall_amps": 225.0,
      "estimated_hp": 150,
      "classification": "CRITICAL",
      "risk": "CRITICAL",
      "days": 7,
      "center_v": 423.99048335,
      "min_v": 421.07445,
      "max_v": 426.9065167,
      "avg_amps": 1391.3142192857142,
      "lrc_factor": 6.0,
      "power_factor": 0.836720535481699,
      "efficiency": 0.92
    },
    {
      "id": "G3",
      "group_id": "G3",
      "drop_count": 3,
      "voltage_range": "405.6-406.6V",
      "amp_range": "1128.2-1528.7A",
      "delta_v": 69.4,
      "est_stall_amps": 225.0,
      "estimated_hp": 150,
      "classification": "CRITICAL",
      "risk": "CRITICAL",
      "days": 3,
      "center_v": 406.1454436,
      "min_v": 405.6458372,
      "max_v": 406.64505,
      "avg_amps": 1326.522019,
      "lrc_factor": 6.0,
      "power_factor": 0.836720535481699,
      "efficiency": 0.92
    },
    {
      "id": "G4",
      "group_id": "G4",
      "drop_count": 3,
      "voltage_range": "439.6-441.1V",
      "amp_range": "228.7-1112.5A",
      "delta_v": 35.0,
      "est_stall_amps": 150.0,
      "estimated_hp": 100,
      "classification": "SIGNIFICANT",
      "risk": "SIGNIFICANT",
      "days": 2,
      "center_v": 440.36146665,
      "min_v": 439.6036833,
      "max_v": 441.11925,
      "avg_amps": 758.0310165666666,
      "lrc_factor": 6.0,
      "power_factor": 0.836720535481699,
      "efficiency": 0.92
    },
    {
      "id": "G5",
      "group_id": "G5",
      "drop_count": 3,
      "voltage_range": "445.2-447.5V",
      "amp_range": "239.7-1622.3A",
      "delta_v": 28.9,
      "est_stall_amps": 225.0,
      "estimated_hp": 150,
      "classification": "SIGNIFICANT",
      "risk": "SIGNIFICANT",
      "days": 2,
      "center_v": 446.3475898,
      "min_v": 445.1502963,
      "max_v": 447.5448833,
      "avg_amps": 1146.8359403333334,
      "lrc_factor": 6.0,
      "power_factor": 0.836720535481699,
      "efficiency": 0.92
    },
    {
      "id": "G6",
      "group_id": "G6",
      "drop_count": 2,
      "voltage_range": "394.1-394.3V",
      "amp_range": "1187.4-1641.7A",
      "delta_v": 81.2,
      "est_stall_amps": 225.0,
      "estimated_hp": 150,
      "classification": "EXTREME",
      "risk": "EXTREME",
      "days": 2,
      "center_v": 394.22177055,
      "min_v": 394.1411176,
      "max_v": 394.3024235,
      "avg_amps": 1414.5218175,
      "lrc_factor": 6.0,
      "power_factor": 0.836720535481699,
      "efficiency": 0.92
    },
    {
      "id": "G7",
      "group_id": "G7",
      "drop_count": 2,
      "voltage_range": "408.7-408.8V",
      "amp_range": "1421.1-1639.5A",
      "delta_v": 66.7,
      "est_stall_amps": 255.0,
      "estimated_hp": 170,
      "classification": "CRITICAL",
      "risk": "CRITICAL",
      "days": 2,
      "center_v": 408.76835834999997,
      "min_v": 408.69505,
      "max_v": 408.8416667,
      "avg_amps": 1530.2687085,
      "lrc_factor": 6.0,
      "power_factor": 0.836720535481699,
      "efficiency": 0.92
    },
    {
      "id": "G8",
      "group_id": "G8",
      "drop_count": 2,
      "voltage_range": "429.5-431.5V",
      "amp_range": "198.3-1498.4A",
      "delta_v": 45.0,
      "est_stall_amps": 165.0,
      "estimated_hp": 110,
      "classification": "SEVERE",
      "risk": "SEVERE",
      "days": 2,
      "center_v": 430.47061295000003,
      "min_v": 429.4729759,
      "max_v": 431.46825,
      "avg_amps": 848.33854585,
      "lrc_factor": 6.0,
      "power_factor": 0.836720535481699,
      "efficiency": 0.92
    },
    {
      "id": "G9",
      "group_id": "G9",
      "drop_count": 1,
      "voltage_range": "390.4-390.4V",
      "amp_range": "1446.9-1446.9A",
      "delta_v": 85.1,
      "est_stall_amps": 225.0,
      "estimated_hp": 150,
      "classification": "EXTREME",
      "risk": "EXTREME",
      "days": 1,
      "center_v": 390.3585375,
      "min_v": 390.3585375,
      "max_v": 390.3585375,
      "avg_amps": 1446.8767,
      "lrc_factor": 6.0,
      "power_factor": 0.836720535481699,
      "efficiency": 0.92
    }
  ],
  "voltage_center": 415.73886665,
  "delta_v_primary": 60.2
}