{
  "nominal_voltage": 462.75783329955647,
  "transformer_name": "T12.Main",
  "transformer_capacity": 2500.0,
  "voltage_avg": 464.9869373450727,
  "min_voltage": 433.986,
  "max_voltage": 493.229,
  "voltage_std": 10.88884746022556,
  "voltage_spread": 59.242999999999995,
  "power_factor": 0.8293781045282942,
  "vhi_avg": 1.0048169990546076,
  "vhi_max": 1.0658468955202292,
  "vhi_high_events": 1,
  "voltage_dip_count": 5,
  "pct_below_nominal": 84.83995858281187,
  "estimated_running_amps": 1912.824,
  "vhi_threshold": 5.0,
  "lrc_multiplier": 6.0,
  "data_resolution": "1minRES",
  "field_efficiency": 0.92,
  "time_period_hours": 744,
  "analysis_period": "",
  "file_name": "AN54021613-V-1minRES_44640CLP_251001-251031zth.csv",
  "csv_file_path": "/Users/mdhowell/energyclips/CherryAve/SITE2025/10_OCT2025/AN54021613-V-1minRES_44640CLP_251001-251031zth.csv",
  "drop_groups": [
    {
      "id": "G1",
      "group_id": "G1",
      "drop_count": 4,
      "voltage_range": "440.8-440.8V",
      "amp_range": "1912.8-1912.8A",
      "delta_v": 22.0,
      "est_stall_amps": 450.0,
      "estimated_hp": 300,
      "classification": "SIGNIFICANT",
      "risk": "SIGNIFICANT",
      "days": 1,
      "center_v": 440.778,
      "min_v": 440.778,
      "max_v": 440.778,
      "avg_amps": 1912.824,
      "lrc_factor": 6.0,
      "power_factor": 0.8293781045282942,
      "efficiency": 0.92
    },
    {
      "id": "G2",
      "group_id": "G2",
      "drop_count": 1,
      "voltage_range": "434.0-434.0V",
      "amp_range": "1841.3-1841.3A",
      "delta_v": 28.8,
      "est_stall_amps": 360.0,
      "estimated_hp": 240,
      "classification": "SIGNIFICANT",
      "risk": "SIGNIFICANT",
      "days": 1,
      "center_v": 433.986,
      "min_v": 433.986,
      "max_v": 433.986,
      "avg_amps": 1841.259,
      "lrc_factor": 6.0,
      "power_factor": 0.8293781045282942,
      "efficiency": 0.92
    }
  ],
  "voltage_center": 440.778,
  "delta_v_primary": 22.0
}