{
  "nominal_voltage": 476.675963749617,
  "transformer_name": "T15.Fillet",
  "transformer_capacity": 2500.0,
  "voltage_avg": 476.675963749617,
  "min_voltage": 392.7054643,
  "max_voltage": 498.6554918,
  "voltage_std": 9.00324776431186,
  "voltage_spread": 105.95002749999998,
  "power_factor": 0.8683734215256047,
  "vhi_avg": 1.0,
  "vhi_max": 1.1761584510976602,
  "vhi_high_events": 14,
  "voltage_dip_count": 38,
  "pct_below_nominal": 72.0318100358423,
  "estimated_running_amps": 1518.265222764706,
  "vhi_threshold": 5.0,
  "lrc_multiplier": 6.0,
  "data_resolution": "1minRES",
  "field_efficiency": 0.92,
  "time_period_hours": 744,
  "analysis_period": "",
  "file_name": "AN53110845-V-1minRES_44640CLP_250101-250131zth.csv",
  "csv_file_path": "/Users/mdhowell/energyclips/CherryAve/SITE2025/01_JAN2025/AN53110845-V-1minRES_44640CLP_250101-250131zth.csv",
  "drop_groups": [
    {
      "id": "G1",
      "group_id": "G1",
      "drop_count": 17,
      "voltage_range": "416.0-419.9V",
      "amp_range": "1285.2-1821.7A",
      "delta_v": 58.8,
      "est_stall_amps": 255.0,
      "estimated_hp": 170,
      "classification": "CRITICAL",
      "risk": "CRITICAL",
      "days": 10,
      "center_v": 417.95714755,
      "min_v": 416.0218689,
      "max_v": 419.8924262,
      "avg_amps": 1518.265222764706,
      "lrc_factor": 6.0,
      "power_factor": 0.8683734215256047,
      "efficiency": 0.92
    },
    {
      "id": "G2",
      "group_id": "G2",
      "drop_count": 8,
      "voltage_range": "430.3-435.2V",
      "amp_range": "1099.6-1838.7A",
      "delta_v": 44.1,
      "est_stall_amps": 315.0,
      "estimated_hp": 210,
      "classification": "SEVERE",
      "risk": "SEVERE",
      "days": 5,
      "center_v": 432.77261395,
      "min_v": 430.324012,
      "max_v": 435.2212159,
      "avg_amps": 1603.07512525,
      "lrc_factor": 6.0,
      "power_factor": 0.8683734215256047,
      "efficiency": 0.92
    },
    {
      "id": "G3",
      "group_id": "G3",
      "drop_count": 4,
      "voltage_range": "423.4-426.3V",
      "amp_range": "1360.2-1726.4A",
      "delta_v": 52.2,
      "est_stall_amps": 270.0,
      "estimated_hp": 180,
      "classification": "CRITICAL",
      "risk": "CRITICAL",
      "days": 4,
      "center_v": 424.82030325,
      "min_v": 423.3734262,
      "max_v": 426.2671803,
      "avg_amps": 1578.68713525,
      "lrc_factor": 6.0,
      "power_factor": 0.8683734215256047,
      "efficiency": 0.92
    },
    {
      "id": "G4",
      "group_id": "G4",
      "drop_count": 3,
      "voltage_range": "409.1-410.5V",
      "amp_range": "1686.2-1797.0A",
      "delta_v": 66.9,
      "est_stall_amps": 285.0,
      "estimated_hp": 190,
      "classification": "CRITICAL",
      "risk": "CRITICAL",
      "days": 3,
      "center_v": 409.82012295000004,
      "min_v": 409.1477213,
      "max_v": 410.4925246,
      "avg_amps": 1726.4085243333332,
      "lrc_factor": 6.0,
      "power_factor": 0.8683734215256047,
      "efficiency": 0.92
    },
    {
      "id": "G5",
      "group_id": "G5",
      "drop_count": 2,
      "voltage_range": "392.7-393.0V",
      "amp_range": "1297.7-1622.6A",
      "delta_v": 83.8,
      "est_stall_amps": 225.0,
      "estimated_hp": 150,
      "classification": "EXTREME",
      "risk": "EXTREME",
      "days": 2,
      "center_v": 392.82985865,
      "min_v": 392.7054643,
      "max_v": 392.954253,
      "avg_amps": 1460.1389345,
      "lrc_factor": 6.0,
      "power_factor": 0.8683734215256047,
      "efficiency": 0.92
    },
    {
      "id": "G6",
      "group_id": "G6",
      "drop_count": 2,
      "voltage_range": "405.9-406.1V",
      "amp_range": "1228.7-1731.7A",
      "delta_v": 70.6,
      "est_stall_amps": 240.0,
      "estimated_hp": 160,
      "classification": "CRITICAL",
      "risk": "CRITICAL",
      "days": 2,
      "center_v": 406.02774515,
      "min_v": 405.9302289,
      "max_v": 406.1252614,
      "avg_amps": 1480.2155165,
      "lrc_factor": 6.0,
      "power_factor": 0.8683734215256047,
      "efficiency": 0.92
    },
    {
      "id": "G7",
      "group_id": "G7",
      "drop_count": 2,
      "voltage_range": "446.9-448.4V",
      "amp_range": "1825.0-1873.9A",
      "delta_v": 29.0,
      "est_stall_amps": 360.0,
      "estimated_hp": 240,
      "classification": "SIGNIFICANT",
      "risk": "SIGNIFICANT",
      "days": 1,
      "center_v": 447.6755571,
      "min_v": 446.9425568,
      "max_v": 448.4085574,
      "avg_amps": 1849.4350435000001,
      "lrc_factor": 6.0,
      "power_factor": 0.8683734215256047,
      "efficiency": 0.92
    }
  ],
  "voltage_center": 417.95714755,
  "delta_v_primary": 58.8
}