{
  "nominal_voltage": 454.4435619507348,
  "transformer_name": "T10.AirChiller",
  "transformer_capacity": 3000.0,
  "voltage_avg": 456.5606779979025,
  "min_voltage": 434.7893607,
  "max_voltage": 484.2455574,
  "voltage_std": 11.48670171331827,
  "voltage_spread": 49.45619670000002,
  "power_factor": 0.8902193763561768,
  "vhi_avg": 1.0046586996151508,
  "vhi_max": 1.065579090440489,
  "vhi_high_events": 1,
  "voltage_dip_count": 24,
  "pct_below_nominal": 98.2648031868206,
  "estimated_running_amps": 1924.9944855,
  "vhi_threshold": 5.0,
  "lrc_multiplier": 6.0,
  "data_resolution": "1minRES",
  "field_efficiency": 0.92,
  "time_period_hours": 744,
  "analysis_period": "",
  "file_name": "AN53111387-V-1minRES_44640CLP_251001-251031zth.csv",
  "csv_file_path": "/Users/mdhowell/energyclips/CherryAve/SITE2025/10_OCT2025/AN53111387-V-1minRES_44640CLP_251001-251031zth.csv",
  "drop_groups": [
    {
      "id": "G1",
      "group_id": "G1",
      "drop_count": 24,
      "voltage_range": "434.8-436.2V",
      "amp_range": "1828.0-2110.7A",
      "delta_v": 18.9,
      "est_stall_amps": 420.0,
      "estimated_hp": 280,
      "classification": "SIGNIFICANT",
      "risk": "SIGNIFICANT",
      "days": 2,
      "center_v": 435.501541,
      "min_v": 434.7893607,
      "max_v": 436.2137213,
      "avg_amps": 1924.9944855,
      "lrc_factor": 6.0,
      "power_factor": 0.8902193763561768,
      "efficiency": 0.92
    }
  ],
  "voltage_center": 435.501541,
  "delta_v_primary": 18.9
}