{
  "nominal_voltage": 455.94809363448246,
  "transformer_name": "T10.AirChiller",
  "transformer_capacity": 3000.0,
  "voltage_avg": 455.94809363448246,
  "min_voltage": 437.5449277,
  "max_voltage": 479.9184918,
  "voltage_std": 10.449268930950455,
  "voltage_spread": 42.37356410000001,
  "power_factor": 0.8755053803256049,
  "vhi_avg": 1.0,
  "vhi_max": 1.0525726469748853,
  "vhi_high_events": 0,
  "voltage_dip_count": 4,
  "pct_below_nominal": 100.0,
  "estimated_running_amps": 1668.184386,
  "vhi_threshold": 5.0,
  "lrc_multiplier": 6.0,
  "data_resolution": "1minRES",
  "field_efficiency": 0.92,
  "time_period_hours": 744,
  "analysis_period": "",
  "file_name": "AN53111387-V-1minRES_44640CLP_250101-250131zth.csv",
  "csv_file_path": "/Users/mdhowell/energyclips/CherryAve/SITE2025/01_JAN2025/AN53111387-V-1minRES_44640CLP_250101-250131zth.csv",
  "drop_groups": [
    {
      "id": "G1",
      "group_id": "G1",
      "drop_count": 4,
      "voltage_range": "437.5-437.5V",
      "amp_range": "1668.2-1668.2A",
      "delta_v": 18.4,
      "est_stall_amps": 360.0,
      "estimated_hp": 240,
      "classification": "SIGNIFICANT",
      "risk": "SIGNIFICANT",
      "days": 1,
      "center_v": 437.5449277,
      "min_v": 437.5449277,
      "max_v": 437.5449277,
      "avg_amps": 1668.184386,
      "lrc_factor": 6.0,
      "power_factor": 0.8755053803256049,
      "efficiency": 0.92
    }
  ],
  "voltage_center": 437.5449277,
  "delta_v_primary": 18.4
}