{
  "nominal_voltage": 471.58491518758296,
  "transformer_name": "T16.Compressor",
  "transformer_capacity": 2500.0,
  "voltage_avg": 473.50481598717244,
  "min_voltage": 451.9162,
  "max_voltage": 502.9251167,
  "voltage_std": 10.730781591435303,
  "voltage_spread": 51.008916699999986,
  "power_factor": 0.8861627660056001,
  "vhi_avg": 1.0040711666929079,
  "vhi_max": 1.0664571755861842,
  "vhi_high_events": 0,
  "voltage_dip_count": 8,
  "pct_below_nominal": 73.51865233492909,
  "estimated_running_amps": 2013.7080664999999,
  "vhi_threshold": 5.0,
  "lrc_multiplier": 6.0,
  "data_resolution": "1minRES",
  "field_efficiency": 0.92,
  "time_period_hours": 744,
  "analysis_period": "",
  "file_name": "AN54022983-V-1minRES_44640CLP_251001-251031zth.csv",
  "csv_file_path": "/Users/mdhowell/energyclips/CherryAve/SITE2025/10_OCT2025/AN54022983-V-1minRES_44640CLP_251001-251031zth.csv",
  "drop_groups": [
    {
      "id": "G1",
      "group_id": "G1",
      "drop_count": 8,
      "voltage_range": "451.9-452.7V",
      "amp_range": "2007.3-2020.1A",
      "delta_v": 19.3,
      "est_stall_amps": 480.0,
      "estimated_hp": 320,
      "classification": "MODERATE",
      "risk": "MODERATE",
      "days": 1,
      "center_v": 452.31242499999996,
      "min_v": 451.9162,
      "max_v": 452.70865,
      "avg_amps": 2013.7080664999999,
      "lrc_factor": 6.0,
      "power_factor": 0.8861627660056001,
      "efficiency": 0.92
    }
  ],
  "voltage_center": 452.31242499999996,
  "delta_v_primary": 19.3
}