{
  "nominal_voltage": 464.3726857187635,
  "transformer_name": "T12.Main",
  "transformer_capacity": 2500.0,
  "voltage_avg": 464.3726857187635,
  "min_voltage": 446.3815738,
  "max_voltage": 489.3608361,
  "voltage_std": 10.400814038400686,
  "voltage_spread": 42.97926229999996,
  "power_factor": 0.8325751085776434,
  "vhi_avg": 1.0,
  "vhi_max": 1.053810551631734,
  "vhi_high_events": 0,
  "voltage_dip_count": 4,
  "pct_below_nominal": 83.80152329749104,
  "estimated_running_amps": 1432.4460539071417,
  "vhi_threshold": 5.0,
  "lrc_multiplier": 6.0,
  "data_resolution": "1minRES",
  "field_efficiency": 0.92,
  "time_period_hours": 744,
  "analysis_period": "",
  "file_name": "AN54021613-V-1minRES_44640CLP_250101-250131zth.csv",
  "csv_file_path": "/Users/mdhowell/energyclips/CherryAve/SITE2025/01_JAN2025/AN54021613-V-1minRES_44640CLP_250101-250131zth.csv",
  "drop_groups": [
    {
      "id": "G1",
      "group_id": "G1",
      "drop_count": 4,
      "voltage_range": "446.4-489.4V",
      "amp_range": "421.6-2008.6A",
      "delta_v": 0.0,
      "est_stall_amps": 1432.4460539071417,
      "estimated_hp": 1207,
      "classification": "Critical",
      "risk": "Critical",
      "days": 31,
      "center_v": 464.3726857187635,
      "min_v": 446.3815738,
      "max_v": 489.3608361,
      "avg_amps": 1432.4460539071417,
      "lrc_factor": 6.0,
      "power_factor": 0.8325751085776434,
      "efficiency": 0.92
    }
  ],
  "voltage_center": 464.3726857187635,
  "delta_v_primary": 0.0
}