{
  "nominal_voltage": 475.43870068535176,
  "transformer_name": "T16.Compressor",
  "transformer_capacity": 2500.0,
  "voltage_avg": 475.43870068535176,
  "min_voltage": 456.3942623,
  "max_voltage": 498.2743934,
  "voltage_std": 9.621819139209228,
  "voltage_spread": 41.88013110000003,
  "power_factor": 0.8833003295433468,
  "vhi_avg": 1.0,
  "vhi_max": 1.0480307822685244,
  "vhi_high_events": 0,
  "voltage_dip_count": 4,
  "pct_below_nominal": 73.54838709677419,
  "estimated_running_amps": 1744.138262,
  "vhi_threshold": 5.0,
  "lrc_multiplier": 6.0,
  "data_resolution": "1minRES",
  "field_efficiency": 0.92,
  "time_period_hours": 744,
  "analysis_period": "",
  "file_name": "AN54022983-V-1minRES_44640CLP_250101-250131zth.csv",
  "csv_file_path": "/Users/mdhowell/energyclips/CherryAve/SITE2025/01_JAN2025/AN54022983-V-1minRES_44640CLP_250101-250131zth.csv",
  "drop_groups": [
    {
      "id": "G1",
      "group_id": "G1",
      "drop_count": 4,
      "voltage_range": "456.4-456.4V",
      "amp_range": "1744.1-1744.1A",
      "delta_v": 19.0,
      "est_stall_amps": 405.0,
      "estimated_hp": 270,
      "classification": "MODERATE",
      "risk": "MODERATE",
      "days": 1,
      "center_v": 456.3942623,
      "min_v": 456.3942623,
      "max_v": 456.3942623,
      "avg_amps": 1744.138262,
      "lrc_factor": 6.0,
      "power_factor": 0.8833003295433468,
      "efficiency": 0.92
    }
  ],
  "voltage_center": 456.3942623,
  "delta_v_primary": 19.0
}